종_한글명,종류,관상용_애완용,성체크기_등급_3단계,외형태그,사육_난이도_5단계,초기비용_등급_5단계,핸들링적합도_5단계,온도_범위_주간,온도_범위_야간,바스킹_온도,습도_범위,온도습도_5단계,온습도_점검_주기,식성타입,급여_구성,급여_주기,먹이빈도_등급,물_급여,분무_주기,사육장_사이즈_3단계,활동패턴,청소_주기,CITES_등재_여부,구매_가능_전문샵_링크,사진_URL,추출_신뢰도_점수,최종_검수_상태,최종_갱신일
크레스티드 게코,게코,애완용,1,"귀엽고, 화려하다",1,1,3,22-28°C,20-24°C,,60-80%,1,매일 1회,잡식,전용 사료 + 곤충 + 채소/과일,주 2-3회,3,분무로 물방울 섭수,저녁 1일 1회,2,야행성,"매일 spot-clean, 주 1-2회 전체 청소",CITES 미등재 (일반적으로 합법적으로 사육 가능),https://www.seoulreptile.co.kr/goods/goods_view.php?goodsNo=1000002372,https://commons.wikimedia.org/wiki/Special:FilePath/Crested_gecko.jpg,1.00,draft,2025-12-15
이스턴 블루텅 스킨크,도마뱀,애완용,2,"귀엽고, 멋지다",2,3,4,26-32°C,22-26°C,35-40°C,30-50%,3,매일 1회,잡식,전용 사료 + 곤충 + 채소/과일,주 2-3회,1,물그릇 제공,아침/저녁 1일 2회,3,주행성,"매일 spot-clean, 주 1-2회 전체 청소",CITES 미등재 (일반적으로 합법적으로 사육 가능),https://www.seoulreptile.co.kr/goods/goods_view.php?goodsNo=1000002397,https://commons.wikimedia.org/wiki/Special:FilePath/Eastern_blue_tongued_lizard.jpg,1.00,draft,2025-12-15
블루테일 데이 게코,게코,관상용,1,귀엽고 화려하다,4,2,1,24-30°C,22-26°C,,50-70%,4,매일 1회,잡식,전용 사료 + 곤충 + 채소/과일,주 2-3회,3,물그릇 또는 분무,아침/저녁 1일 2회,2,주행성,"매일 spot-clean, 주 1-2회 전체 청소",CITES 미등재 (일반적으로 합법적으로 사육 가능),https://www.seoulreptile.co.kr/goods/goods_view.php?goodsNo=1000002372,https://commons.wikimedia.org/wiki/Special:FilePath/Blue-tailed_day_gecko_%28Phelsuma_cepediana%29%2C_Black_River%2C_Mauritius.jpg,1.00,draft,2025-12-15
리키에너스,게코,애완용,2,귀엽다,1,3,4,22-28°C,20-24°C,,60-80%,1,매일 1회,잡식,전용 사료 + 곤충 + 채소/과일,주 2-3회,3,분무로 물방울 섭수,저녁 1일 1회,2,야행성,"매일 spot-clean, 주 1-2회 전체 청소",CITES 미등재 (일반적으로 합법적으로 사육 가능),https://newrunreptile.co.kr/product/리키에너스-파인아일랜드-베이비/4079/,https://commons.wikimedia.org/wiki/Special:FilePath/Rhacodactylus_leachianus.jpg,0.95,draft,2025-12-15
가고일게코,게코,애완용,1,귀엽고 화려하다,1,1,4,22-28°C,20-24°C,,60-80%,1,매일 1회,잡식,전용 사료 + 곤충 + 채소/과일,주 2-3회,3,분무로 물방울 섭수,저녁 1일 1회,2,야행성,"매일 spot-clean, 주 1-2회 전체 청소",CITES 미등재 (일반적으로 합법적으로 사육 가능),https://www.seoulreptile.co.kr/goods/goods_view.php?goodsNo=1000001824,https://commons.wikimedia.org/wiki/Special:FilePath/Rhacodactylus_auriculatus.jpg,1.00,draft,2025-12-15
팻테일게코,게코,애완용,1,귀엽다,1,1,4,22-28°C,20-24°C,,60-80%,2,매일 1회,육식,"곤충 (귀뚜라미, 밀웜 등)","성체 주 2-3회, 유체 격일",3,분무로 물방울 섭수,저녁 1일 1회,2,야행성,"매일 spot-clean, 주 1-2회 전체 청소",CITES 미등재 (일반적으로 합법적으로 사육 가능),https://newrunreptile.co.kr/category/펫테일게코fat-tail-gecko/278,https://commons.wikimedia.org/wiki/Special:FilePath/Hemitheconyx_caudicinctus.jpg,0.85,draft,2025-12-15
레오파드게코,게코,애완용,1,귀엽고 화려하다,1,1,4,22-28°C,20-24°C,,60-80%,2,매일 1회,육식,"곤충 (귀뚜라미, 밀웜 등)","성체 주 2-3회, 유체 격일",3,분무로 물방울 섭수,저녁 1일 1회,2,야행성,"매일 spot-clean, 주 1-2회 전체 청소",CITES 미등재 (일반적으로 합법적으로 사육 가능),https://www.seoulreptile.co.kr/goods/goods_view.php?goodsNo=1000000746,https://commons.wikimedia.org/wiki/Special:FilePath/Eublepharis_macularius_02.JPG,1.00,draft,2025-12-15
자이언트 데이 게코,게코,관상용,2,귀엽고 화려하다,3,2,1,24-30°C,22-26°C,,50-70%,4,매일 1회,잡식,전용 사료 + 곤충 + 채소/과일,주 2-3회,3,물그릇 또는 분무,아침/저녁 1일 2회,3,주행성,"매일 spot-clean, 주 1-2회 전체 청소",CITES 미등재 (일반적으로 합법적으로 사육 가능),https://newrunreptile.co.kr/product/크림슨-자이언트-데이게코-꼬리부절개체/4034/,https://commons.wikimedia.org/wiki/Special:FilePath/Phelsuma_grandis_-_5536.jpg,0.95,draft,2025-12-15
골든더스트데이게코,게코,관상용,1,귀엽고 화려하다,2,2,1,24-30°C,22-26°C,,50-70%,4,매일 1회,잡식,전용 사료 + 곤충 + 채소/과일,주 2-3회,3,물그릇 또는 분무,아침/저녁 1일 2회,2,주행성,"매일 spot-clean, 주 1-2회 전체 청소",CITES 미등재 (일반적으로 합법적으로 사육 가능),https://newrunreptile.co.kr/product/krcb-골드더스트데이게코-baby/3960/,https://commons.wikimedia.org/wiki/Special:FilePath/Gold_dust_day_gecko.JPG,0.95,draft,2025-12-15
레드아이아머드스킨크,도마뱀,관상용,1,"멋있고, 화려하다",5,3,2,,,,,2,매일 1회,육식,"곤충 (귀뚜라미, 밀웜 등)","성체 주 2-3회, 유체 격일",3,물그릇 제공,저녁 1일 1회,2,야행성,"매일 spot-clean, 주 1-2회 전체 청소",CITES 미등재 (일반적으로 합법적으로 사육 가능),https://newrunreptile.co.kr/product/극초귀요미-레드아이-아머드-스킨크/237/,https://commons.wikimedia.org/wiki/Special:FilePath/Tribolonotus_gracilis_in_hand.jpg,0.95,draft,2025-12-15
모어닝게코,게코,관상용,1,귀엽다,1,1,1,22-28°C,20-24°C,,60-80%,1,매일 1회,잡식,전용 사료 + 곤충 + 채소/과일,주 2-3회,3,분무로 물방울 섭수,저녁 1일 1회,2,야행성,"매일 spot-clean, 주 1-2회 전체 청소",CITES 미등재 (일반적으로 합법적으로 사육 가능),https://newrunreptile.co.kr/product/모어닝게코-처녀생식종/3792/,https://commons.wikimedia.org/wiki/Special:FilePath/Lepidodactylus_lugubris_120533707.jpg,0.95,draft,2025-12-15
비어디드래곤,도마뱀,애완용,2,멋있다,2,3,4,26-32°C,22-26°C,35-40°C,30-50%,4,매일 1회,잡식,전용 사료 + 곤충 + 채소/과일,주 2-3회,3,물그릇 제공,아침/저녁 1일 2회,3,주행성,"매일 spot-clean, 주 1-2회 전체 청소",CITES 미등재 (일반적으로 합법적으로 사육 가능),https://newrunreptile.co.kr/product/비어디드래곤-분양-뉴런cb/286/,https://commons.wikimedia.org/wiki/Special:FilePath/Pogona_vitticeps.jpg,0.95,draft,2025-12-15
블랙스롯모니터,도마뱀,애완용,3,멋있다,5,5,4,26-32°C,22-26°C,35-40°C,30-50%,4,매일 1회,육식,"곤충 (귀뚜라미, 밀웜 등)","성체 주 2-3회, 유체 격일",1,물그릇 제공,아침/저녁 1일 2회,3,주행성,"매일 spot-clean, 주 1-2회 전체 청소",CITES 미등재 (일반적으로 합법적으로 사육 가능),https://newrunreptile.co.kr/search?keyword=%EB%B8%94%EB%9E%99%EC%8A%A4%EB%A1%AF%EB%AA%A8%EB%8B%88%ED%84%B0,https://commons.wikimedia.org/wiki/Special:FilePath/Varanus_albigularis.jpg,0.50,draft,2025-12-15
사바나모니터,도마뱀,애완용,3,멋있다,5,5,4,26-32°C,22-26°C,35-40°C,30-50%,4,매일 1회,육식,"곤충 (귀뚜라미, 밀웜 등)","성체 주 2-3회, 유체 격일",1,물그릇 제공,아침/저녁 1일 2회,3,주행성,"매일 spot-clean, 주 1-2회 전체 청소",CITES 미등재 (일반적으로 합법적으로 사육 가능),https://newrunreptile.co.kr/product/사바나모니터-베이비17cm20cm-셋트상품-사육셋트-180도-개편/179/,https://commons.wikimedia.org/wiki/Special:FilePath/Varanus_exanthematicus.jpg,0.95,draft,2025-12-15
블루테구,도마뱀,애완용,3,멋있다,5,5,4,26-32°C,22-26°C,35-40°C,30-50%,4,매일 1회,육식,"곤충 (귀뚜라미, 밀웜 등)","성체 주 2-3회, 유체 격일",3,물그릇 제공,아침/저녁 1일 2회,3,주행성,"매일 spot-clean, 주 1-2회 전체 청소",CITES 미등재 (일반적으로 합법적으로 사육 가능),https://newrunreptile.co.kr/search?keyword=%EB%B8%94%EB%A3%A8%ED%85%8C%EA%B5%AC,https://commons.wikimedia.org/wiki/Special:FilePath/Blueteguspiral.jpg,0.50,draft,2025-12-15
레드테구,도마뱀,애완용,3,멋있다,5,5,4,26-32°C,22-26°C,35-40°C,30-50%,4,매일 1회,육식,"곤충 (귀뚜라미, 밀웜 등)","성체 주 2-3회, 유체 격일",3,물그릇 제공,아침/저녁 1일 2회,3,주행성,"매일 spot-clean, 주 1-2회 전체 청소",CITES 미등재 (일반적으로 합법적으로 사육 가능),https://newrunreptile.co.kr/product/아르헨티나-레드테구-cb/4767/,https://commons.wikimedia.org/wiki/Special:FilePath/Red_Tegu_%28Salvator_rufescens%29.jpg,0.95,draft,2025-12-15
아르헨티나테구,도마뱀,애완용,3,멋있다,5,5,4,26-32°C,22-26°C,35-40°C,30-50%,4,매일 1회,육식,"곤충 (귀뚜라미, 밀웜 등)","성체 주 2-3회, 유체 격일",3,물그릇 제공,아침/저녁 1일 2회,3,주행성,"매일 spot-clean, 주 1-2회 전체 청소",CITES 미등재 (일반적으로 합법적으로 사육 가능),https://newrunreptile.co.kr/product/블랙앤화이트-아르헨티나테구-25cb/662/,https://commons.wikimedia.org/wiki/Special:FilePath/Argentine_black_and_white_tegu_%28Salvator_merianae%29_male_Vicente_Lopez.jpg,0.95,draft,2025-12-15
랜킨스드래곤,도마뱀,관상용,2,멋있다,2,3,3,26-32°C,22-26°C,35-40°C,30-50%,4,매일 1회,잡식,전용 사료 + 곤충 + 채소/과일,주 2-3회,3,물그릇 제공,아침/저녁 1일 2회,2,주행성,"매일 spot-clean, 주 1-2회 전체 청소",CITES 미등재 (일반적으로 합법적으로 사육 가능),https://newrunreptile.co.kr/search?keyword=%EB%9E%9C%ED%82%A8%EC%8A%A4%EB%93%9C%EB%9E%98%EA%B3%A4,https://commons.wikimedia.org/wiki/Special:FilePath/Pogona_henrylawsoni.jpg,0.50,draft,2025-12-15
사타닉리프테일게코,게코,관상용,1,화려하다,4,5,2,22-28°C,20-24°C,,60-80%,4,매일 1회,육식,"곤충 (귀뚜라미, 밀웜 등)","성체 주 2-3회, 유체 격일",3,분무로 물방울 섭수,저녁 1일 1회,2,야행성,"매일 spot-clean, 주 1-2회 전체 청소",CITES 미등재 (일반적으로 합법적으로 사육 가능),https://newrunreptile.co.kr/search?keyword=%EC%82%AC%ED%83%80%EB%8B%89%EB%A6%AC%ED%94%84%ED%85%8C%EC%9D%BC%EA%B2%8C%EC%BD%94,https://commons.wikimedia.org/wiki/Special:FilePath/Satanic_leaf-tailed_gecko_%28Uroplatus_phantasticus%29_Ranomafana_2.jpg,0.50,draft,2025-12-15
할마헤라 자이언트게코,게코,관상용,1,화려하다,3,3,2,22-28°C,20-24°C,,60-80%,3,매일 1회,잡식,전용 사료 + 곤충 + 채소/과일,주 2-3회,3,분무로 물방울 섭수,저녁 1일 1회,2,야행성,"매일 spot-clean, 주 1-2회 전체 청소",CITES 미등재 (일반적으로 합법적으로 사육 가능),https://newrunreptile.co.kr/product/할마헤라-자이언트-게코-보급형-리키애너스/1268/,https://commons.wikimedia.org/wiki/Special:FilePath/Halmahera_giant_gecko_at_Tampa_Repticon%2C_Feb_2020_%28cropped%29.jpg,0.95,draft,2025-12-15
토케이게코,게코,애완용,2,귀엽고 화려하다,3,2,3,22-28°C,20-24°C,,60-80%,4,매일 1회,육식,"곤충 (귀뚜라미, 밀웜 등)","성체 주 2-3회, 유체 격일",3,분무로 물방울 섭수,저녁 1일 1회,3,야행성,"매일 spot-clean, 주 1-2회 전체 청소",CITES 미등재 (일반적으로 합법적으로 사육 가능),https://newrunreptile.co.kr/product/볼케이노-블러드-토케이게코/4357/,https://commons.wikimedia.org/wiki/Special:FilePath/Tokay_gecko_%28Gekko_gecko%29.jpg,0.95,draft,2025-12-15
납테일게코,게코,관상용,1,귀엽고 화려하다,2,1,2,22-28°C,20-24°C,,60-80%,4,매일 1회,육식,"곤충 (귀뚜라미, 밀웜 등)","성체 주 2-3회, 유체 격일",3,분무로 물방울 섭수,저녁 1일 1회,2,야행성,"매일 spot-clean, 주 1-2회 전체 청소",CITES 미등재 (일반적으로 합법적으로 사육 가능),https://newrunreptile.co.kr/category/펫테일게코fat-tail-gecko/278,https://commons.wikimedia.org/wiki/Special:FilePath/Nephrurus_amyae_1.jpg,0.85,draft,2025-12-15
사라신게코,게코,애완용,1,귀엽고 화려하다,2,5,3,22-28°C,20-24°C,,60-80%,3,매일 1회,잡식,전용 사료 + 곤충 + 채소/과일,주 2-3회,3,분무로 물방울 섭수,저녁 1일 1회,2,야행성,"매일 spot-clean, 주 1-2회 전체 청소",CITES 미등재 (일반적으로 합법적으로 사육 가능),https://newrunreptile.co.kr/category/펫테일게코fat-tail-gecko/278,https://commons.wikimedia.org/wiki/Special:FilePath/Rhacodactylus_sarasinorum.jpg,0.85,draft,2025-12-15
드워프썬게이저,도마뱀,관상용,1,"멋있고, 화려하다",2,3,3,26-32°C,22-26°C,35-40°C,30-50%,3,매일 1회,육식,"곤충 (귀뚜라미, 밀웜 등)","성체 주 2-3회, 유체 격일",3,물그릇 제공,아침/저녁 1일 2회,2,주행성,"매일 spot-clean, 주 1-2회 전체 청소",CITES 미등재 (일반적으로 합법적으로 사육 가능),https://newrunreptile.co.kr/search?keyword=%EB%93%9C%EC%9B%8C%ED%94%84%EC%8D%AC%EA%B2%8C%EC%9D%B4%EC%A0%80,https://commons.wikimedia.org/wiki/Special:FilePath/Cordylus_tropidosternum.jpg,0.50,draft,2025-12-15
카멜레온게코,게코,관상용,1,귀엽고 화려하다,2,3,2,22-28°C,20-24°C,,60-80%,3,매일 1회,육식,"곤충 (귀뚜라미, 밀웜 등)","성체 주 2-3회, 유체 격일",3,분무로 물방울 섭수,저녁 1일 1회,2,야행성,"매일 spot-clean, 주 1-2회 전체 청소",CITES 미등재 (일반적으로 합법적으로 사육 가능),https://newrunreptile.co.kr/category/카멜레온-chameleon/225,https://commons.wikimedia.org/wiki/Special:FilePath/Eurydactylodes_agricolae.jpg,0.85,draft,2025-12-15
그린 이구아나,도마뱀,애완용,3,멋있다,5,3,4,26-32°C,22-26°C,35-40°C,30-50%,5,매일 1회,초식,"채소, 과일",매일 또는 격일,5,물그릇 제공,아침/저녁 1일 2회,3,주행성,"매일 spot-clean, 주 1-2회 전체 청소",CITES 미등재 (일반적으로 합법적으로 사육 가능),https://newrunreptile.co.kr/product/그린-이구아나/152/,https://i.namu.wiki/i/ZZvnYcJfaDX5sKFZtZermYA0VOiPduEjHO6QRBZSVBYer-Qg5t4AQM65fUkq2g11XGJceCbVQHUUdqfRjhBmYDABYcNjSXC3ZmvSjUYA-6dsMlkWaDZKvWzlUcHhM6bLjMgNEOd1JI4yBqiXdkBF7Q.jpg,0.95,draft,2025-12-15
레드 이구아나,도마뱀,애완용,3,멋있다,5,3,4,26-32°C,22-26°C,35-40°C,30-50%,5,매일 1회,초식,"채소, 과일",매일 또는 격일,5,물그릇 제공,아침/저녁 1일 2회,3,주행성,"매일 spot-clean, 주 1-2회 전체 청소",CITES 미등재 (일반적으로 합법적으로 사육 가능),https://newrunreptile.co.kr/product/하이포-레드-이구아나/4239/,https://newrunreptile.co.kr/web/product/big/202504/5ca162dfa754baae4c14f3697e1cc904.jpg,0.95,draft,2025-12-15
액키모니터,도마뱀,애완용,3,귀엽다,3,3,3,26-32°C,22-26°C,35-40°C,30-50%,4,매일 1회,잡식,전용 사료 + 곤충 + 채소/과일,주 2-3회,1,물그릇 제공,아침/저녁 1일 2회,3,주행성,"매일 spot-clean, 주 1-2회 전체 청소",CITES 미등재 (일반적으로 합법적으로 사육 가능),https://newrunreptile.co.kr/product/cb레드액키모니터-빅베이비-갤럭시-에디션/722/,https://commons.wikimedia.org/wiki/Special:FilePath/Varanus_acanthurus_0zz.jpg,0.95,draft,2025-12-15
네온데이게코,게코,관상용,1,귀엽고 화려하다,2,3,2,24-30°C,22-26°C,,50-70%,2,매일 1회,잡식,전용 사료 + 곤충 + 채소/과일,주 2-3회,2,물그릇 또는 분무,아침/저녁 1일 2회,1,주행성,"매일 spot-clean, 주 1-2회 전체 청소",CITES 미등재 (일반적으로 합법적으로 사육 가능),https://newrunreptile.co.kr/product/화려한-네온데이게코-cb-네온싸인에디션/3526/,https://commons.wikimedia.org/wiki/Special:FilePath/Neon_Day_Gecko_%28Phelsuma_klemmeri%29.jpg,0.95,draft,2025-12-15
레오파드육지거북,육지 거북,애완용,3,귀엽고 화려하다,4,4,4,24-30°C,20-24°C,,40-60%,3,매일 1회,초식,"채소, 과일",매일 또는 격일,5,물그릇 또는 분무,아침/저녁 1일 2회,3,주행성,"매일 spot-clean, 주 1-2회 전체 청소",CITES 미등재 (일반적으로 합법적으로 사육 가능),https://newrunreptile.co.kr/product/eucb-레오파드육지거북/2155/,https://commons.wikimedia.org/wiki/Special:FilePath/Leopard_Tortoise_%28Stigmochelys_pardalis%29_%2817331907085%29.jpg,0.95,draft,2025-12-15
골든그리스육지거북,육지 거북,애완용,2,화려하다,3,3,4,24-30°C,20-24°C,,40-60%,2,매일 1회,초식,"채소, 과일",매일 또는 격일,5,물그릇 또는 분무,아침/저녁 1일 2회,2,주행성,"매일 spot-clean, 주 1-2회 전체 청소",CITES 미등재 (일반적으로 합법적으로 사육 가능),https://newrunreptile.co.kr/category/이탈리아-eucb육지거북/213,https://postfiles.pstatic.net/MjAyNDA1MTVfOTkg/MDAxNzE1NzEyMzY5MTI0.BI6inpeYJqvYy9qq1AO_UXAoZqecIF7QCMMyJtR9DDAg.znWH_JIBa784yXmcZFxi9xernOB1bdti1v0nRVRlgScg.JPEG/KakaoTalk_20240515_033452592_17.jpg?type=w966,0.85,draft,2025-12-15
다이아몬드백테라핀,반수생 거북,관상용,2,화려하다,3,5,3,24-30°C,20-24°C,,40-60%,4,매일 1회,잡식,전용 사료 + 곤충 + 채소/과일,주 2-3회,5,물그릇 또는 분무,아침/저녁 1일 2회,2,주행성,"매일 spot-clean, 주 1-2회 전체 청소",CITES 미등재 (일반적으로 합법적으로 사육 가능),https://newrunreptile.co.kr/category/반수생-거북이-물거북이/252,https://commons.wikimedia.org/wiki/Special:FilePath/Malaclemys_terrapin_%28diamondback_terrapin%29_1_%2815697462306%29.jpg,0.85,draft,2025-12-15
패닌슐라,수생 거북,관상용,2,귀엽고 화려하다,2,2,3,24-30°C,20-24°C,,40-60%,4,매일 1회,잡식,전용 사료 + 곤충 + 채소/과일,주 2-3회,5,물그릇 또는 분무,아침/저녁 1일 2회,3,주행성,"매일 spot-clean, 주 1-2회 전체 청소",CITES 미등재 (일반적으로 합법적으로 사육 가능),https://newrunreptile.co.kr/search?keyword=%ED%8C%A8%EB%8B%8C%EC%8A%90%EB%9D%BC,https://i.namu.wiki/i/DuUMaS5mOH9xL7AxfecAeZqsMUm8t_0C9VTJa4zyH5xxiqF-HCN0G19z3RQpr1yB8IhC8cebL159QF5vhei3QJo3yhXuDo9MYo-zQrFgwezpF7ZUjA99kjuWQV4US5e5T8yGadQ-Xfy0iRJwwMgasA.webp,0.50,draft,2025-12-15
뱀목거북,수생 거북,관상용,2,화려하다,3,3,2,24-30°C,20-24°C,,40-60%,3,매일 1회,잡식,전용 사료 + 곤충 + 채소/과일,주 2-3회,5,물그릇 또는 분무,아침/저녁 1일 2회,3,주행성,"매일 spot-clean, 주 1-2회 전체 청소",CITES 미등재 (일반적으로 합법적으로 사육 가능),https://newrunreptile.co.kr/search?keyword=%EB%B1%80%EB%AA%A9%EA%B1%B0%EB%B6%81,https://commons.wikimedia.org/wiki/Special:FilePath/Chelodina_longicollis_5zz.jpg,0.50,draft,2025-12-15
그리스육지거북,육지 거북,애완용,2,멋있다,3,3,4,24-30°C,20-24°C,,40-60%,2,매일 1회,초식,"채소, 과일",매일 또는 격일,5,물그릇 또는 분무,아침/저녁 1일 2회,3,주행성,"매일 spot-clean, 주 1-2회 전체 청소",CITES 미등재 (일반적으로 합법적으로 사육 가능),https://newrunreptile.co.kr/category/이탈리아-eucb육지거북/213,https://upload.wikimedia.org/wikipedia/commons/7/75/Greek_Tortoise_001.jpg,0.85,draft,2025-12-15
차화게코,게코,애완용,1,귀엽다,1,3,3,22-28°C,20-24°C,,60-80%,2,매일 1회,육식,"곤충 (귀뚜라미, 밀웜 등)","성체 주 2-3회, 유체 격일",3,분무로 물방울 섭수,저녁 1일 1회,2,야행성,"매일 spot-clean, 주 1-2회 전체 청소",CITES 미등재 (일반적으로 합법적으로 사육 가능),https://newrunreptile.co.kr/product/차화게코-부정교합/3324/,https://commons.wikimedia.org/wiki/Special:FilePath/Rhacodactylus_chahoua.jpg,0.95,draft,2025-12-15
플라잉게코,게코,애완용,1,귀엽다,1,2,3,22-28°C,20-24°C,,60-80%,2,매일 1회,육식,"곤충 (귀뚜라미, 밀웜 등)","성체 주 2-3회, 유체 격일",3,분무로 물방울 섭수,저녁 1일 1회,2,야행성,"매일 spot-clean, 주 1-2회 전체 청소",CITES 미등재 (일반적으로 합법적으로 사육 가능),https://newrunreptile.co.kr/product/야생왕-플라잉게코/4229/,https://i.namu.wiki/i/H4nyeRA2tOtZtbhudRcWYU_8hBu0Ug3ZPph_RqAqwQ6njgdQCjat5QjZvGXKWmNIxtzQ5mtTb1OgnsaQrqjAlNpm3NCygLyVce06HNRA4FH4TPRUdcGAT4H6276R84auT95z39QHKug0ZxW3c-gA_g.webp,0.95,draft,2025-12-15
레드풋육지거북,육지 거북,애완용,1,화려하다,3,3,3,24-30°C,20-24°C,,40-60%,3,매일 1회,잡식,전용 사료 + 곤충 + 채소/과일,주 2-3회,5,물그릇 또는 분무,아침/저녁 1일 2회,3,주행성,"매일 spot-clean, 주 1-2회 전체 청소",CITES 미등재 (일반적으로 합법적으로 사육 가능),https://newrunreptile.co.kr/product/eucb건강한-체리헤드레드풋-육지거북/197/,https://commons.wikimedia.org/wiki/Special:FilePath/Geochelone_carbonaria_01.jpg,0.95,draft,2025-12-15
동헤르만육지거북,육지 거북,애완용,1,화려하다,2,3,3,24-30°C,20-24°C,,40-60%,2,매일 1회,초식,"채소, 과일",매일 또는 격일,5,물그릇 또는 분무,아침/저녁 1일 2회,3,주행성,"매일 spot-clean, 주 1-2회 전체 청소",CITES 미등재 (일반적으로 합법적으로 사육 가능),https://newrunreptile.co.kr/product/동헤르만-육지거북-수컷-성체-1/2310/,https://i.namu.wiki/i/JUJli7k0EfsbqGZi1fo55VfXp3HI2HmGBR0zOVy8CE7QkcG2AjZVgZT0240zdHT-0M4kBawMJuMmwyAHty1QnA.webp,0.95,draft,2025-12-15
부쉬벨트레인프록,개구리,관상용,1,귀엽다,4,2,1,,,,,2,매일 1회,육식,"곤충 (귀뚜라미, 밀웜 등)","성체 주 2-3회, 유체 격일",4,물그릇 또는 분무,저녁 1일 1회,1,야행성,"매일 spot-clean, 주 1-2회 전체 청소",CITES 미등재 (일반적으로 합법적으로 사육 가능),https://newrunreptile.co.kr/search?keyword=%EB%B6%80%EC%89%AC%EB%B2%A8%ED%8A%B8%EB%A0%88%EC%9D%B8%ED%94%84%EB%A1%9D,https://commons.wikimedia.org/wiki/Special:FilePath/Bushveld_Rain_Frog_%28Breviceps_adspersus%29_%286017829257%29.jpg,0.50,draft,2025-12-15
픽시프록,개구리,관상용,1,귀엽다,3,1,2,,,,,3,매일 1회,육식,"곤충 (귀뚜라미, 밀웜 등)","성체 주 2-3회, 유체 격일",4,물그릇 또는 분무,저녁 1일 1회,2,야행성,"매일 spot-clean, 주 1-2회 전체 청소",CITES 미등재 (일반적으로 합법적으로 사육 가능),https://newrunreptile.co.kr/category/개구리-frogs/290,https://commons.wikimedia.org/wiki/Special:FilePath/Pyxicephalus_adspersus_1zz.jpg,0.85,draft,2025-12-15
팩맨프록,개구리,관상용,1,귀엽다,3,1,2,,,,,3,매일 1회,육식,"곤충 (귀뚜라미, 밀웜 등)","성체 주 2-3회, 유체 격일",2,물그릇 또는 분무,저녁 1일 1회,2,야행성,"매일 spot-clean, 주 1-2회 전체 청소",CITES 미등재 (일반적으로 합법적으로 사육 가능),https://newrunreptile.co.kr/category/팩맨-pacman/287,https://commons.wikimedia.org/wiki/Special:FilePath/Adult_pacman_frog.jpg,0.85,draft,2025-12-15
다트프록,개구리,관상용,1,귀엽고 화려하다,5,3,1,,,,,4,매일 1회,육식,"곤충 (귀뚜라미, 밀웜 등)","성체 주 2-3회, 유체 격일",5,물그릇 또는 분무,아침/저녁 1일 2회,2,주행성,"매일 spot-clean, 주 1-2회 전체 청소",CITES 미등재 (일반적으로 합법적으로 사육 가능),https://newrunreptile.co.kr/search?keyword=%EB%8B%A4%ED%8A%B8%ED%94%84%EB%A1%9D,https://commons.wikimedia.org/wiki/Special:FilePath/Poison_Dart_Frog_%28Dendrobates_tinctorius%29.jpg,0.50,draft,2025-12-15
아홀로틀,도롱뇽,관상용,1,귀엽고 화려하다,2,1,1,,,,,3,매일 1회,육식,"곤충 (귀뚜라미, 밀웜 등)","성체 주 2-3회, 유체 격일",3,물그릇 또는 분무,저녁 1일 1회,2,야행성,"매일 spot-clean, 주 1-2회 전체 청소",CITES 미등재 (일반적으로 합법적으로 사육 가능),https://newrunreptile.co.kr/search?keyword=%EC%95%84%ED%99%80%EB%A1%9C%ED%8B%80,https://commons.wikimedia.org/wiki/Special:FilePath/Axolotl_IMG1691.jpg,0.50,draft,2025-12-15
타이거셀러만다,도롱뇽,관상용,1,귀엽다,2,1,2,,,,,2,매일 1회,육식,"곤충 (귀뚜라미, 밀웜 등)","성체 주 2-3회, 유체 격일",3,물그릇 또는 분무,저녁 1일 1회,2,야행성,"매일 spot-clean, 주 1-2회 전체 청소",CITES 미등재 (일반적으로 합법적으로 사육 가능),https://newrunreptile.co.kr/search?keyword=%ED%83%80%EC%9D%B4%EA%B1%B0%EC%85%80%EB%9F%AC%EB%A7%8C%EB%8B%A4,https://commons.wikimedia.org/wiki/Special:FilePath/Tiger_salamander.jpg,0.50,draft,2025-12-15
히말라야뉴트,도롱뇽,관상용,1,귀엽다,3,2,2,,,,,3,매일 1회,육식,"곤충 (귀뚜라미, 밀웜 등)","성체 주 2-3회, 유체 격일",3,물그릇 또는 분무,저녁 1일 1회,2,야행성,"매일 spot-clean, 주 1-2회 전체 청소",CITES 미등재 (일반적으로 합법적으로 사육 가능),https://newrunreptile.co.kr/search?keyword=%ED%9E%88%EB%A7%90%EB%9D%BC%EC%95%BC%EB%89%B4%ED%8A%B8,https://commons.wikimedia.org/wiki/Special:FilePath/Tylototriton_verrucosus_-held_in_hand-8a.jpg,0.50,draft,2025-12-15
엠페러뉴트,도롱뇽,관상용,1,귀엽다,2,2,2,,,,,3,매일 1회,육식,"곤충 (귀뚜라미, 밀웜 등)","성체 주 2-3회, 유체 격일",3,물그릇 또는 분무,저녁 1일 1회,2,야행성,"매일 spot-clean, 주 1-2회 전체 청소",CITES 미등재 (일반적으로 합법적으로 사육 가능),https://newrunreptile.co.kr/product/울트라-블랙-엠페러뉴트/4477/,https://commons.wikimedia.org/wiki/Special:FilePath/Emperor_Newt_%282221580367%29.jpg,0.95,draft,2025-12-15
듄게코,게코,관상용,1,귀엽다,2,1,3,22-28°C,20-24°C,,60-80%,2,매일 1회,육식,"곤충 (귀뚜라미, 밀웜 등)","성체 주 2-3회, 유체 격일",3,분무로 물방울 섭수,저녁 1일 1회,1,야행성,"매일 spot-clean, 주 1-2회 전체 청소",CITES 미등재 (일반적으로 합법적으로 사육 가능),https://newrunreptile.co.kr/category/펫테일게코fat-tail-gecko/278,https://commons.wikimedia.org/wiki/Special:FilePath/Egyptian_Sand_Gecko_%28Stenodactylus_petrii%29%2C_Karamis%2C_Egypt.jpg,0.85,draft,2025-12-15
파이어살라만다,도롱뇽,관상용,1,귀엽다,3,2,2,,,,,3,매일 1회,육식,"곤충 (귀뚜라미, 밀웜 등)","성체 주 2-3회, 유체 격일",3,물그릇 또는 분무,아침/저녁 1일 2회,2,주행성,"매일 spot-clean, 주 1-2회 전체 청소",CITES 미등재 (일반적으로 합법적으로 사육 가능),https://newrunreptile.co.kr/product/파이어살라만다-뒷발-한쪽-부절개체/4636/,https://commons.wikimedia.org/wiki/Special:FilePath/Fire_salamander_March_2008b.jpg,0.95,draft,2025-12-15
토마토프록,개구리,관상용,1,귀엽다,2,1,2,,,,,2,매일 1회,육식,"곤충 (귀뚜라미, 밀웜 등)","성체 주 2-3회, 유체 격일",3,물그릇 또는 분무,저녁 1일 1회,1,야행성,"매일 spot-clean, 주 1-2회 전체 청소",CITES 미등재 (일반적으로 합법적으로 사육 가능),https://newrunreptile.co.kr/search?keyword=%ED%86%A0%EB%A7%88%ED%86%A0%ED%94%84%EB%A1%9D,https://commons.wikimedia.org/wiki/Special:FilePath/Dyscophus_antongilii_1zz.jpg,0.50,draft,2025-12-15
베일드카멜레온,카멜레온,애완용,1,귀엽다,3,2,3,,,,,3,매일 1회,육식,"곤충 (귀뚜라미, 밀웜 등)","성체 주 2-3회, 유체 격일",4,물그릇 또는 분무,아침/저녁 1일 2회,3,주행성,"매일 spot-clean, 주 1-2회 전체 청소",CITES 미등재 (일반적으로 합법적으로 사육 가능),https://newrunreptile.co.kr/category/카멜레온-chameleon/225,https://commons.wikimedia.org/wiki/Special:FilePath/Veiled_Chameleon.jpg,0.85,draft,2025-12-15
팬서카멜레온,카멜레온,관상용,1,화려하다,4,3,3,,,,,4,매일 1회,육식,"곤충 (귀뚜라미, 밀웜 등)","성체 주 2-3회, 유체 격일",4,물그릇 또는 분무,아침/저녁 1일 2회,3,주행성,"매일 spot-clean, 주 1-2회 전체 청소",CITES 미등재 (일반적으로 합법적으로 사육 가능),https://newrunreptile.co.kr/product/팬서카멜레온-암빌로비-수컷-레드-아성체준성체-건강합니다/2058/,https://commons.wikimedia.org/wiki/Special:FilePath/Panther_chameleon_%28Furcifer_pardalis%29_male_Nosy_Be.jpg,0.95,draft,2025-12-15
샌드피쉬,도마뱀,관상용,1,화려하다,3,1,3,26-32°C,22-26°C,35-40°C,30-50%,2,매일 1회,육식,"곤충 (귀뚜라미, 밀웜 등)","성체 주 2-3회, 유체 격일",3,물그릇 제공,아침/저녁 1일 2회,1,주행성,"매일 spot-clean, 주 1-2회 전체 청소",CITES 미등재 (일반적으로 합법적으로 사육 가능),https://newrunreptile.co.kr/search?keyword=%EC%83%8C%EB%93%9C%ED%94%BC%EC%89%AC,https://commons.wikimedia.org/wiki/Special:FilePath/Sandfish_skink_3.JPG,0.50,draft,2025-12-15
수단플레이트,도마뱀,애완용,2,귀엽다,3,3,3,,,,,3,매일 1회,잡식,전용 사료 + 곤충 + 채소/과일,주 2-3회,3,물그릇 제공,저녁 1일 1회,3,야행성,"매일 spot-clean, 주 1-2회 전체 청소",CITES 미등재 (일반적으로 합법적으로 사육 가능),https://newrunreptile.co.kr/product/초극초귀-수단플레이트-리자드-cb-베이비/3833/,https://commons.wikimedia.org/wiki/Special:FilePath/Sudan_plated_lizard_%288455419654%29.jpg,0.95,draft,2025-12-15
에그이터스네이크,뱀,애완용,3,멋있다,3,2,3,26-30°C,22-26°C,,50-70%,2,매일 1회,육식,"곤충 (귀뚜라미, 밀웜 등)","성체 주 2-3회, 유체 격일",1,물그릇 또는 분무,저녁 1일 1회,2,야행성,"매일 spot-clean, 주 1-2회 전체 청소",CITES 미등재 (일반적으로 합법적으로 사육 가능),https://newrunreptile.co.kr/product/에그이터스네이크-egg-eater-snake/1132/,https://commons.wikimedia.org/wiki/Special:FilePath/Eierschlange_Dasypeltis_scabra.jpg,0.95,draft,2025-12-15
콘스네이크,뱀,애완용,3,멋있다,2,1,3,26-30°C,22-26°C,,50-70%,2,매일 1회,육식,"곤충 (귀뚜라미, 밀웜 등)","성체 주 2-3회, 유체 격일",1,물그릇 또는 분무,저녁 1일 1회,3,야행성,"매일 spot-clean, 주 1-2회 전체 청소",CITES 미등재 (일반적으로 합법적으로 사육 가능),https://www.seoulreptile.co.kr/goods/goods_view.php?goodsNo=1000001889,https://commons.wikimedia.org/wiki/Special:FilePath/Cornsnake.jpg,1.00,draft,2025-12-15
볼파이톤,뱀,애완용,3,귀엽고 화려하다,3,2,3,26-30°C,22-26°C,,50-70%,2,매일 1회,육식,"곤충 (귀뚜라미, 밀웜 등)","성체 주 2-3회, 유체 격일",1,물그릇 또는 분무,저녁 1일 1회,3,야행성,"매일 spot-clean, 주 1-2회 전체 청소",CITES 미등재 (일반적으로 합법적으로 사육 가능),https://newrunreptile.co.kr/category/성체-볼파이톤/380,https://commons.wikimedia.org/wiki/Special:FilePath/Python_regius_-_ball_python.jpg,0.85,draft,2025-12-15
그린트리파이톤,뱀,관상용,3,화려하다,3,5,1,26-30°C,22-26°C,,50-70%,4,매일 1회,육식,"곤충 (귀뚜라미, 밀웜 등)","성체 주 2-3회, 유체 격일",1,물그릇 또는 분무,저녁 1일 1회,3,야행성,"매일 spot-clean, 주 1-2회 전체 청소",CITES 미등재 (일반적으로 합법적으로 사육 가능),https://newrunreptile.co.kr/product/gtp-비약-수컷-성체-3년-핵심축양-완료-건강상태-이상무/3875/,https://commons.wikimedia.org/wiki/Special:FilePath/Green_Tree_Python_%28Morelia_viridis%29_%28CWPG%29.jpg,0.95,draft,2025-12-15
레그리스리자드,무족도마뱀,관상용,3,화려하다,3,2,3,,,,,2,매일 1회,육식,"곤충 (귀뚜라미, 밀웜 등)","성체 주 2-3회, 유체 격일",3,물그릇 또는 분무,저녁 1일 1회,3,야행성,"매일 spot-clean, 주 1-2회 전체 청소",CITES 미등재 (일반적으로 합법적으로 사육 가능),https://newrunreptile.co.kr/product/레그리스-리자드-무족도마뱀-발이없어요-ㅇㅇ/1195/,https://commons.wikimedia.org/wiki/Special:FilePath/Burtons_Legless_Lizard_%28Lialis_burtonis%29_%288691426875%29.jpg,0.95,draft,2025-12-15
밀크스네이크,뱀,애완용,3,멋있다,2,2,3,26-30°C,22-26°C,,50-70%,2,매일 1회,육식,"곤충 (귀뚜라미, 밀웜 등)","성체 주 2-3회, 유체 격일",1,물그릇 또는 분무,저녁 1일 1회,3,야행성,"매일 spot-clean, 주 1-2회 전체 청소",CITES 미등재 (일반적으로 합법적으로 사육 가능),https://newrunreptile.co.kr/product/푸에블란-밀크스네이크-cb-베이비/1823/,https://commons.wikimedia.org/wiki/Special:FilePath/Red_milk_snake.JPG,0.95,draft,2025-12-15
보아,뱀,애완용,3,화려하다,1,3,3,26-30°C,22-26°C,,50-70%,3,매일 1회,육식,"곤충 (귀뚜라미, 밀웜 등)","성체 주 2-3회, 유체 격일",1,물그릇 또는 분무,저녁 1일 1회,3,야행성,"매일 spot-clean, 주 1-2회 전체 청소",CITES 미등재 (일반적으로 합법적으로 사육 가능),https://newrunreptile.co.kr/product/아마존트리보아-노멀/3712/,https://commons.wikimedia.org/wiki/Special:FilePath/Boa_constrictor_constrictor_362127312.jpg,0.95,draft,2025-12-15
마타마타거북,수생 거북,관상용,2,귀엽다,2,2,2,24-30°C,20-24°C,,40-60%,4,매일 1회,육식,"곤충 (귀뚜라미, 밀웜 등)","성체 주 2-3회, 유체 격일",3,물그릇 또는 분무,저녁 1일 1회,3,야행성,"매일 spot-clean, 주 1-2회 전체 청소",CITES 미등재 (일반적으로 합법적으로 사육 가능),https://newrunreptile.co.kr/search?keyword=%EB%A7%88%ED%83%80%EB%A7%88%ED%83%80%EA%B1%B0%EB%B6%81,https://commons.wikimedia.org/wiki/Special:FilePath/Matamata_turtle_2048x1536.jpg,0.50,draft,2025-12-15
호스필드육지거북,육지 거북,애완용,1,멋있다,2,3,3,24-30°C,20-24°C,,40-60%,2,매일 1회,육식,"곤충 (귀뚜라미, 밀웜 등)","성체 주 2-3회, 유체 격일",5,물그릇 또는 분무,아침/저녁 1일 2회,3,주행성,"매일 spot-clean, 주 1-2회 전체 청소",CITES 미등재 (일반적으로 합법적으로 사육 가능),https://newrunreptile.co.kr/product/독일탱크-eucb-호스필드육지거북-7cm-사이즈-매우좋음/986/,https://commons.wikimedia.org/wiki/Special:FilePath/Russian_tortoise_%28Testudo_horsfieldii%29.jpg,0.95,draft,2025-12-15
프라시나,도마뱀,관상용,1,귀엽다,3,4,2,26-32°C,22-26°C,35-40°C,30-50%,3,매일 1회,육식,"곤충 (귀뚜라미, 밀웜 등)","성체 주 2-3회, 유체 격일",3,물그릇 제공,아침/저녁 1일 2회,3,주행성,"매일 spot-clean, 주 1-2회 전체 청소",CITES 미등재 (일반적으로 합법적으로 사육 가능),https://newrunreptile.co.kr/product/프라시나리자드-베이비/4356/,https://commons.wikimedia.org/wiki/Special:FilePath/Lacertidae_-_Gastropholis_prasina.JPG,0.95,draft,2025-12-15
유로메스틱스오네이트,유로메스틱스,애완용,2,화려하다,2,3,3,,,,,3,매일 1회,초식,"채소, 과일",매일 또는 격일,3,물그릇 또는 분무,아침/저녁 1일 2회,3,주행성,"매일 spot-clean, 주 1-2회 전체 청소",CITES 미등재 (일반적으로 합법적으로 사육 가능),https://newrunreptile.co.kr/search?keyword=%EC%9C%A0%EB%A1%9C%EB%A9%94%EC%8A%A4%ED%8B%B1%EC%8A%A4%EC%98%A4%EB%84%A4%EC%9D%B4%ED%8A%B8,https://commons.wikimedia.org/wiki/Special:FilePath/Uromastyx_ornata.JPG,0.50,draft,2025-12-15
그린바실리스크,도마뱀,관상용,2,"멋있고, 화려하다",4,2,3,26-32°C,22-26°C,35-40°C,30-50%,3,매일 1회,잡식,전용 사료 + 곤충 + 채소/과일,주 2-3회,3,물그릇 제공,아침/저녁 1일 2회,3,주행성,"매일 spot-clean, 주 1-2회 전체 청소",CITES 미등재 (일반적으로 합법적으로 사육 가능),https://newrunwild.co.kr/product/그린바실리스크-cb/482/,https://commons.wikimedia.org/wiki/Special:FilePath/Green_basilisk_male.JPG,0.95,draft,2025-12-15
워터스킨크,도마뱀,관상용,1,멋지고 화려하다,3,3,3,26-32°C,22-26°C,35-40°C,30-50%,2,매일 1회,육식,"곤충 (귀뚜라미, 밀웜 등)","성체 주 2-3회, 유체 격일",3,물그릇 제공,아침/저녁 1일 2회,3,주행성,"매일 spot-clean, 주 1-2회 전체 청소",CITES 미등재 (일반적으로 합법적으로 사육 가능),https://newrunreptile.co.kr/product/긴급재입고-술라웨시-워터스킨크-15cm/1120/,https://commons.wikimedia.org/wiki/Special:FilePath/Eulamprus_quoyii.jpg,0.95,draft,2025-12-15
에메랄드 스위트프,도마뱀,관상용,2,귀엽다,3,3,3,26-32°C,22-26°C,35-40°C,30-50%,3,매일 1회,육식,"곤충 (귀뚜라미, 밀웜 등)","성체 주 2-3회, 유체 격일",4,물그릇 제공,아침/저녁 1일 2회,2,주행성,"매일 spot-clean, 주 1-2회 전체 청소",CITES 미등재 (일반적으로 합법적으로 사육 가능),https://newrunreptile.co.kr/product/에메랄드-스위프트-리자드/4663/,https://commons.wikimedia.org/wiki/Special:FilePath/Emerald_swift_%28Sceloporus_malachiticus%29_Finca_El_Pilar.jpg,0.95,draft,2025-12-15
빅잭슨 카멜레온,카멜레온,관상용,2,예쁘고 화려하다,4,2,3,,,,,4,매일 1회,육식,"곤충 (귀뚜라미, 밀웜 등)","성체 주 2-3회, 유체 격일",4,물그릇 또는 분무,아침/저녁 1일 2회,3,주행성,"매일 spot-clean, 주 1-2회 전체 청소",CITES 미등재 (일반적으로 합법적으로 사육 가능),https://newrunreptile.co.kr/category/카멜레온-chameleon/225,https://commons.wikimedia.org/wiki/Special:FilePath/Jackson%2527s_Chameleon_2_edit1.jpg,0.85,draft,2025-12-15
피그미 카멜레온,카멜레온,관상용,2,화려하다,3,2,3,,,,,3,매일 1회,육식,"곤충 (귀뚜라미, 밀웜 등)","성체 주 2-3회, 유체 격일",3,물그릇 또는 분무,아침/저녁 1일 2회,2,주행성,"매일 spot-clean, 주 1-2회 전체 청소",CITES 미등재 (일반적으로 합법적으로 사육 가능),https://newrunreptile.co.kr/category/카멜레온-chameleon/225,https://commons.wikimedia.org/wiki/Special:FilePath/Marshall%2527s_Pygmy_Chameleon_imported_from_iNaturalist_photo_183090899_on_21_April_2022.jpg,0.85,draft,2025-12-15
카이만리자드,도마뱀,애완용,3,귀엽다,3,5,4,26-32°C,22-26°C,35-40°C,30-50%,5,매일 1회,육식,"곤충 (귀뚜라미, 밀웜 등)","성체 주 2-3회, 유체 격일",4,물그릇 제공,아침/저녁 1일 2회,3,주행성,"매일 spot-clean, 주 1-2회 전체 청소",CITES 미등재 (일반적으로 합법적으로 사육 가능),https://newrunreptile.co.kr/product/카이만-리자드cb/2596/,https://commons.wikimedia.org/wiki/Special:FilePath/Caiman_Lizard.jpg,0.95,draft,2025-12-15
스탠딩 데이게코,게코,관상용,1,멋지고 화려하다,2,3,2,24-30°C,22-26°C,,50-70%,2,매일 1회,잡식,전용 사료 + 곤충 + 채소/과일,주 2-3회,4,물그릇 또는 분무,아침/저녁 1일 2회,2,주행성,"매일 spot-clean, 주 1-2회 전체 청소",CITES 미등재 (일반적으로 합법적으로 사육 가능),https://newrunreptile.co.kr/product/화려한-네온데이게코-cb-네온싸인에디션/3526/,https://commons.wikimedia.org/wiki/Special:FilePath/Phelsuma_standingi.jpg,0.95,draft,2025-12-15
라인데이게코,게코,관상용,1,귀엽고 화려하다,2,2,2,24-30°C,22-26°C,,50-70%,2,매일 1회,잡식,전용 사료 + 곤충 + 채소/과일,주 2-3회,4,물그릇 또는 분무,아침/저녁 1일 2회,2,주행성,"매일 spot-clean, 주 1-2회 전체 청소",CITES 미등재 (일반적으로 합법적으로 사육 가능),https://newrunreptile.co.kr/search?keyword=%EB%9D%BC%EC%9D%B8%EB%8D%B0%EC%9D%B4%EA%B2%8C%EC%BD%94,https://commons.wikimedia.org/wiki/Special:FilePath/Phelsuma_lineata_lineata_62028059.png,0.50,draft,2025-12-15
피콕데이게코,게코,관상용,1,귀엽고 화려하다,2,2,2,24-30°C,22-26°C,,50-70%,2,매일 1회,잡식,전용 사료 + 곤충 + 채소/과일,주 2-3회,4,물그릇 또는 분무,아침/저녁 1일 2회,2,주행성,"매일 spot-clean, 주 1-2회 전체 청소",CITES 미등재 (일반적으로 합법적으로 사육 가능),https://newrunreptile.co.kr/search?keyword=%ED%94%BC%EC%BD%95%EB%8D%B0%EC%9D%B4%EA%B2%8C%EC%BD%94,https://commons.wikimedia.org/wiki/Special:FilePath/Peacock_day_gecko_%28Phelsuma_quadriocellata_quadriocellata%29_Ranomafana.jpg,0.50,draft,2025-12-15
오네이트데이게코,게코,관상용,1,귀엽고 화려하다,2,5,2,24-30°C,22-26°C,,50-70%,2,매일 1회,잡식,전용 사료 + 곤충 + 채소/과일,주 2-3회,3,물그릇 또는 분무,아침/저녁 1일 2회,2,주행성,"매일 spot-clean, 주 1-2회 전체 청소",CITES 미등재 (일반적으로 합법적으로 사육 가능),https://newrunreptile.co.kr/search?keyword=%EC%98%A4%EB%84%A4%EC%9D%B4%ED%8A%B8%EB%8D%B0%EC%9D%B4%EA%B2%8C%EC%BD%94,https://commons.wikimedia.org/wiki/Special:FilePath/Mauritius_ornate_day_gecko_%28Phelsuma_ornata%29.jpg,0.50,draft,2025-12-15
무리쉬게코,게코,관상용,1,귀엽고 화려하다,3,1,3,22-28°C,20-24°C,,60-80%,2,매일 1회,육식,"곤충 (귀뚜라미, 밀웜 등)","성체 주 2-3회, 유체 격일",3,분무로 물방울 섭수,저녁 1일 1회,2,야행성,"매일 spot-clean, 주 1-2회 전체 청소",CITES 미등재 (일반적으로 합법적으로 사육 가능),https://newrunreptile.co.kr/product/재입고완료-크로커다일게코무리쉬게코/877/,https://commons.wikimedia.org/wiki/Special:FilePath/Tarentola_mauritanica_20120707a.jpg,0.95,draft,2025-12-15
헨켈 리프테일게코,게코,관상용,1,귀엽다,4,5,2,22-28°C,20-24°C,,60-80%,4,매일 1회,육식,"곤충 (귀뚜라미, 밀웜 등)","성체 주 2-3회, 유체 격일",3,분무로 물방울 섭수,저녁 1일 1회,2,야행성,"매일 spot-clean, 주 1-2회 전체 청소",CITES 미등재 (일반적으로 합법적으로 사육 가능),https://newrunreptile.co.kr/product/핌브리아투스-리프테일게코-성체-한쌍/4043/,https://commons.wikimedia.org/wiki/Special:FilePath/Uroplatus_henkeli_26452236.jpg,0.95,draft,2025-12-15
화이트라인게코,게코,관상용,1,화려하다,3,1,3,22-28°C,20-24°C,,60-80%,2,매일 1회,육식,"곤충 (귀뚜라미, 밀웜 등)","성체 주 2-3회, 유체 격일",3,분무로 물방울 섭수,저녁 1일 1회,2,야행성,"매일 spot-clean, 주 1-2회 전체 청소",CITES 미등재 (일반적으로 합법적으로 사육 가능),https://newrunreptile.co.kr/product/화이트라인게코/4446/,https://commons.wikimedia.org/wiki/Special:FilePath/Gekko_vittatus_243349980.jpg,0.95,draft,2025-12-15
레드헤드 아가마,아가마,관상용,1,귀엽다,2,1,3,,,,,3,매일 1회,육식,"곤충 (귀뚜라미, 밀웜 등)","성체 주 2-3회, 유체 격일",3,물그릇 또는 분무,아침/저녁 1일 2회,2,주행성,"매일 spot-clean, 주 1-2회 전체 청소",CITES 미등재 (일반적으로 합법적으로 사육 가능),https://newrunreptile.co.kr/search?keyword=%EB%A0%88%EB%93%9C%ED%97%A4%EB%93%9C%20%EC%95%84%EA%B0%80%EB%A7%88,https://commons.wikimedia.org/wiki/Special:FilePath/Agama_%284%29.jpg,0.50,draft,2025-12-15
리니아투스 리프테일 게코,게코,관상용,1,"멋있고, 화려하다",4,4,3,22-28°C,20-24°C,,60-80%,4,매일 1회,육식,"곤충 (귀뚜라미, 밀웜 등)","성체 주 2-3회, 유체 격일",3,분무로 물방울 섭수,저녁 1일 1회,2,야행성,"매일 spot-clean, 주 1-2회 전체 청소",CITES 미등재 (일반적으로 합법적으로 사육 가능),https://www.seoulreptile.co.kr/goods/goods_view.php?goodsNo=1000002372,https://mblogthumb-phinf.pstatic.net/MjAyMzA5MTdfMTkz/MDAxNjk0OTUxOTIxNjU2.5GQMxbBMRbXyfldeNvbP0mq9Ogk4dmVRepGWIwg8HVgg.nBI29c5LCgE4zAvWfJ8P7KYsdMn53uS7mZA4qdEovd0g.JPEG.tktmaqjf12/KakaoTalk_20230917_204854392_07.jpg?type=w800,1.00,draft,2025-12-15
웨스턴 리프 리자드,도마뱀,관상용,1,화려하다,2,2,2,26-32°C,22-26°C,35-40°C,30-50%,3,매일 1회,육식,"곤충 (귀뚜라미, 밀웜 등)","성체 주 2-3회, 유체 격일",3,물그릇 제공,아침/저녁 1일 2회,2,주행성,"매일 spot-clean, 주 1-2회 전체 청소",CITES 미등재 (일반적으로 합법적으로 사육 가능),https://newrunreptile.co.kr/product/카이만-리자드cb/2596/,https://encrypted-tbn0.gstatic.com/images?q=tbn:ANd9GcRFKSuS1YpVqWnp9WNJMhXm7GhL7Nj9S2Jyxx9EY7HgmSN9m_pVNxWiJPHF36lq7HWYsmBzwGDxYxVSu6fRu9FhSkOzByNUDgfsKLF9qA&s=10,0.95,draft,2025-12-15
제브라 스킨크,도마뱀,관상용,1,화려하다,3,4,3,26-32°C,22-26°C,35-40°C,30-50%,2,매일 1회,잡식,전용 사료 + 곤충 + 채소/과일,주 2-3회,3,물그릇 제공,아침/저녁 1일 2회,2,주행성,"매일 spot-clean, 주 1-2회 전체 청소",CITES 미등재 (일반적으로 합법적으로 사육 가능),https://www.seoulreptile.co.kr/goods/goods_view.php?goodsNo=1000000763,https://godomall.speedycdn.net/43da8789667684f6585e72cb805feb6e/goods/1000001731/image/detail/1000001731_detail_090.jpg,1.00,draft,2025-12-15
목도리도마뱀,도마뱀,애완용,2,화려하다,3,3,3,26-32°C,22-26°C,35-40°C,30-50%,3,매일 1회,육식,"곤충 (귀뚜라미, 밀웜 등)","성체 주 2-3회, 유체 격일",3,물그릇 제공,아침/저녁 1일 2회,3,주행성,"매일 spot-clean, 주 1-2회 전체 청소",CITES 미등재 (일반적으로 합법적으로 사육 가능),https://newrunreptile.co.kr/search?keyword=%EB%AA%A9%EB%8F%84%EB%A6%AC%EB%8F%84%EB%A7%88%EB%B1%80,https://commons.wikimedia.org/wiki/Special:FilePath/Chlamydosaurus_kingii_1.jpg,0.50,draft,2025-12-15
이스턴 컬러드 리자드,도마뱀,관상용,2,멋있다,3,3,3,26-32°C,22-26°C,35-40°C,30-50%,2,매일 1회,육식,"곤충 (귀뚜라미, 밀웜 등)","성체 주 2-3회, 유체 격일",3,물그릇 제공,아침/저녁 1일 2회,2,주행성,"매일 spot-clean, 주 1-2회 전체 청소",CITES 미등재 (일반적으로 합법적으로 사육 가능),https://www.seoulreptile.co.kr/goods/goods_view.php?goodsNo=1000001277,https://godomall.speedycdn.net/43da8789667684f6585e72cb805feb6e/goods/1000001277/image/magnify/1000001277_magnify_062.jpg,1.00,draft,2025-12-15
보우핑거 게코,게코,관상용,1,화려하다,4,2,2,22-28°C,20-24°C,,60-80%,3,매일 1회,육식,"곤충 (귀뚜라미, 밀웜 등)","성체 주 2-3회, 유체 격일",3,분무로 물방울 섭수,저녁 1일 1회,2,야행성,"매일 spot-clean, 주 1-2회 전체 청소",CITES 미등재 (일반적으로 합법적으로 사육 가능),https://www.seoulreptile.co.kr/goods/goods_view.php?goodsNo=1000002372,https://commons.wikimedia.org/wiki/Special:FilePath/Peter%2527s_Bow-fingered_Gecko_%28Cyrtodactylus_consobrinus%29_%2823390216075%29.jpg,1.00,draft,2025-12-15
피쉬스케일게코,게코,관상용,1,귀엽다,1,2,1,22-28°C,20-24°C,,60-80%,3,매일 1회,육식,"곤충 (귀뚜라미, 밀웜 등)","성체 주 2-3회, 유체 격일",3,분무로 물방울 섭수,저녁 1일 1회,2,야행성,"매일 spot-clean, 주 1-2회 전체 청소",CITES 미등재 (일반적으로 합법적으로 사육 가능),https://newrunreptile.co.kr/search?keyword=%ED%94%BC%EC%89%AC%EC%8A%A4%EC%BC%80%EC%9D%BC%EA%B2%8C%EC%BD%94,https://commons.wikimedia.org/wiki/Special:FilePath/Spotted_Fish-scale_Gecko_Geckolepis_maculata.jpg,0.50,draft,2025-12-15
세일핀 리자드,도마뱀,관상용,2,귀엽다,3,5,3,26-32°C,22-26°C,35-40°C,30-50%,4,매일 1회,잡식,전용 사료 + 곤충 + 채소/과일,주 2-3회,3,물그릇 제공,아침/저녁 1일 2회,3,주행성,"매일 spot-clean, 주 1-2회 전체 청소",CITES 미등재 (일반적으로 합법적으로 사육 가능),https://newrunreptile.co.kr/product/셀레벤시스-세일핀-리자드/4947/,https://commons.wikimedia.org/wiki/Special:FilePath/Philippine_Sailfin_Lizard_-_Hydrosaurus_pustulatus_-_Ninoy_Aquino_Parks_%2526_Wildlife_Center_03.jpg,0.95,draft,2025-12-15
피터슨 밴디드 스킨크,도마뱀,관상용,1,멋있다,2,2,3,26-32°C,22-26°C,35-40°C,30-50%,2,매일 1회,잡식,전용 사료 + 곤충 + 채소/과일,주 2-3회,3,물그릇 제공,아침/저녁 1일 2회,2,주행성,"매일 spot-clean, 주 1-2회 전체 청소",CITES 미등재 (일반적으로 합법적으로 사육 가능),https://www.seoulreptile.co.kr/goods/goods_view.php?goodsNo=1000002397,https://commons.wikimedia.org/wiki/Special:FilePath/Hinulia_nigrolabris.jpg,1.00,draft,2025-12-15
그린아이게코,게코,관상용,1,화려하다,3,2,3,24-30°C,22-26°C,,50-70%,2,매일 1회,육식,"곤충 (귀뚜라미, 밀웜 등)","성체 주 2-3회, 유체 격일",3,물그릇 또는 분무,아침/저녁 1일 2회,2,주행성,"매일 spot-clean, 주 1-2회 전체 청소",CITES 미등재 (일반적으로 합법적으로 사육 가능),https://newrunreptile.co.kr/product/그린아이게코-순수한-눈망울-보유/4447/,https://commons.wikimedia.org/wiki/Special:FilePath/Green-eyed_Gecko_%28Gekko_smithii%29_%288735147043%29.jpg,0.95,draft,2025-12-15
그라미네아,아브로니아,관상용,1,귀엽고 화려하다,2,5,2,,,,,2,매일 1회,잡식,전용 사료 + 곤충 + 채소/과일,주 2-3회,3,물그릇 또는 분무,아침/저녁 1일 2회,2,주행성,"매일 spot-clean, 주 1-2회 전체 청소",CITES 미등재 (일반적으로 합법적으로 사육 가능),https://newrunreptile.co.kr/search?keyword=%EA%B7%B8%EB%9D%BC%EB%AF%B8%EB%84%A4%EC%95%84,https://commons.wikimedia.org/wiki/Special:FilePath/Abronia_graminea.jpg,0.50,draft,2025-12-15
블루뷰티에놀,에놀,관상용,2,화려하다,3,5,3,,,,,2,매일 1회,육식,"곤충 (귀뚜라미, 밀웜 등)","성체 주 2-3회, 유체 격일",3,물그릇 또는 분무,저녁 1일 1회,2,야행성,"매일 spot-clean, 주 1-2회 전체 청소",CITES 미등재 (일반적으로 합법적으로 사육 가능),https://newrunreptile.co.kr/search?keyword=%EB%B8%94%EB%A3%A8%EB%B7%B0%ED%8B%B0%EC%97%90%EB%86%80,https://commons.wikimedia.org/wiki/Special:FilePath/Anolis_gorgonae_MatthewGable_%28cropped%29.JPG,0.50,draft,2025-12-15
바바투스,에놀,관상용,1,화려하다,2,3,3,,,,,2,매일 1회,육식,"곤충 (귀뚜라미, 밀웜 등)","성체 주 2-3회, 유체 격일",3,물그릇 또는 분무,저녁 1일 1회,2,야행성,"매일 spot-clean, 주 1-2회 전체 청소",CITES 미등재 (일반적으로 합법적으로 사육 가능),https://newrunreptile.co.kr/product/바바투스-cb-1쌍-chamaeleolis-barbatus/2626/,https://commons.wikimedia.org/wiki/Special:FilePath/Anolis_barbatus_114423748.jpg,0.95,draft,2025-12-15
멕시칸 자이언트 혼리자드,에놀,관상용,1,귀엽다,3,5,2,,,,,4,매일 1회,육식,"곤충 (귀뚜라미, 밀웜 등)","성체 주 2-3회, 유체 격일",1,물그릇 또는 분무,아침/저녁 1일 2회,3,주행성,"매일 spot-clean, 주 1-2회 전체 청소",CITES 미등재 (일반적으로 합법적으로 사육 가능),https://newrunreptile.co.kr/product/크림슨-자이언트-데이게코-꼬리부절개체/4034/,https://commons.wikimedia.org/wiki/Special:FilePath/Phrynosoma_asio.jpg,0.95,draft,2025-12-15
호넬리 카멜레온,카멜레온,관상용,1,화려하다,4,4,2,,,,,3,매일 1회,육식,"곤충 (귀뚜라미, 밀웜 등)","성체 주 2-3회, 유체 격일",4,물그릇 또는 분무,아침/저녁 1일 2회,3,주행성,"매일 spot-clean, 주 1-2회 전체 청소",CITES 미등재 (일반적으로 합법적으로 사육 가능),https://newrunreptile.co.kr/category/카멜레온-chameleon/225,https://commons.wikimedia.org/wiki/Special:FilePath/Lizard_kenya.jpg,0.85,draft,2025-12-15
오셀레이트 스킨크,도마뱀,관상용,1,화려하다,2,2,3,26-32°C,22-26°C,35-40°C,30-50%,2,매일 1회,잡식,전용 사료 + 곤충 + 채소/과일,주 2-3회,3,물그릇 제공,아침/저녁 1일 2회,2,주행성,"매일 spot-clean, 주 1-2회 전체 청소",CITES 미등재 (일반적으로 합법적으로 사육 가능),https://newrunreptile.co.kr/product/오셀레이트-스킨크/1514/,https://commons.wikimedia.org/wiki/Special:FilePath/Chalcides_ocellatus.jpg,0.95,draft,2025-12-15
에메랄드 그라스 리자드,도마뱀,관상용,1,귀엽다다,3,2,3,26-32°C,22-26°C,35-40°C,30-50%,2,매일 1회,육식,"곤충 (귀뚜라미, 밀웜 등)","성체 주 2-3회, 유체 격일",3,물그릇 제공,아침/저녁 1일 2회,2,주행성,"매일 spot-clean, 주 1-2회 전체 청소",CITES 미등재 (일반적으로 합법적으로 사육 가능),https://newrunreptile.co.kr/product/에메랄드-스위프트-리자드/4663/,https://commons.wikimedia.org/wiki/Special:FilePath/Coppery_Grass_Lizard_2013_10_25_2375.jpg,0.95,draft,2025-12-15
엘레강스게코,게코,관상용,1,화려하다,3,1,3,24-30°C,22-26°C,,50-70%,2,매일 1회,육식,"곤충 (귀뚜라미, 밀웜 등)","성체 주 2-3회, 유체 격일",3,물그릇 또는 분무,아침/저녁 1일 2회,2,주행성,"매일 spot-clean, 주 1-2회 전체 청소",CITES 미등재 (일반적으로 합법적으로 사육 가능),https://newrunreptile.co.kr/product/고퀄리티-엘레강스게코-한쌍/3820/,https://commons.wikimedia.org/wiki/Special:FilePath/Gekkonidae-_Stenodactylus_sthenodactylus_%28Elegant_Short-fingered_Gecko%29_-_46801777655.jpg,0.95,draft,2025-12-15
밀키프록,개구리,관상용,1,귀엽다,4,1,2,,,,,2,매일 1회,육식,"곤충 (귀뚜라미, 밀웜 등)","성체 주 2-3회, 유체 격일",4,물그릇 또는 분무,저녁 1일 1회,2,야행성,"매일 spot-clean, 주 1-2회 전체 청소",CITES 미등재 (일반적으로 합법적으로 사육 가능),https://newrunreptile.co.kr/search?keyword=%EB%B0%80%ED%82%A4%ED%94%84%EB%A1%9D,https://commons.wikimedia.org/wiki/Special:FilePath/Amazon_milk_frog_-_Trachycephalus_resinifictrix.JPG,0.50,draft,2025-12-15
인도네시아 블루텅 스킨크,게코,애완용,2,귀엽고 화려하다,3,3,4,24-30°C,22-26°C,,50-70%,4,매일 1회,잡식,전용 사료 + 곤충 + 채소/과일,주 2-3회,1,물그릇 또는 분무,아침/저녁 1일 2회,3,주행성,"매일 spot-clean, 주 1-2회 전체 청소",CITES 미등재 (일반적으로 합법적으로 사육 가능),https://newrunreptile.co.kr/product/cb할마헤라-블루텅-스킨크-베이비아성체/906/,https://commons.wikimedia.org/wiki/Special:FilePath/Tiliqua_gigas_Grodno_1608.jpg,0.95,draft,2025-12-15
이리안 자야 블루텅 스킨크,게코,애완용,3,귀엽고 화려하다,2,3,4,24-30°C,22-26°C,,50-70%,3,매일 1회,잡식,전용 사료 + 곤충 + 채소/과일,주 2-3회,1,물그릇 또는 분무,아침/저녁 1일 2회,3,주행성,"매일 spot-clean, 주 1-2회 전체 청소",CITES 미등재 (일반적으로 합법적으로 사육 가능),https://www.seoulreptile.co.kr/goods/goods_view.php?goodsNo=1000002397,https://m.newrunreptile.co.kr/web/product/big/202009/60f0595d72eea93cc5456a215c683a51.jpg,1.00,draft,2025-12-15
노던 블루텅 스킨크,도마뱀,둘 다,2,귀엽다,2,4,5,26-32°C,22-26°C,35-40°C,30-50%,3,매일 1회,잡식,전용 사료 + 곤충 + 채소/과일,주 2-3회,1,물그릇 제공,아침/저녁 1일 2회,3,주행성,"매일 spot-clean, 주 1-2회 전체 청소",CITES 미등재 (일반적으로 합법적으로 사육 가능),https://newrunreptile.co.kr/product/대구-황금사과-에디션-노던-블루텅스킨크/3846/,https://commons.wikimedia.org/wiki/Special:FilePath/Northern_Blue-tongued_Skink.jpg,0.95,draft,2025-12-15
타님바 블루텅 스킨크,도마뱀,둘 다,2,귀엽다,4,3,3,26-32°C,22-26°C,35-40°C,30-50%,4,매일 1회,잡식,전용 사료 + 곤충 + 채소/과일,주 2-3회,1,물그릇 제공,아침/저녁 1일 2회,3,주행성,"매일 spot-clean, 주 1-2회 전체 청소",CITES 미등재 (일반적으로 합법적으로 사육 가능),https://newrunreptile.co.kr/category/스킨크류-skink/228,https://i.namu.wiki/i/oshrSRM6RY7Ws9P_5G2H3BdEg_7HpSGRRLOLtJRdGJNT9BjHcDvjH_hB8z9SHIGQiDN7bzHY1cy_d8NARE_Dzw.webp,0.85,draft,2025-12-15
차이니스 케이브 게코,게코,관상용,1,귀엽고 화려하다,3,2,1,22-28°C,20-24°C,,60-80%,4,매일 1회,육식,"곤충 (귀뚜라미, 밀웜 등)","성체 주 2-3회, 유체 격일",1,분무로 물방울 섭수,저녁 1일 1회,2,야행성,"매일 spot-clean, 주 1-2회 전체 청소",CITES 미등재 (일반적으로 합법적으로 사육 가능),https://geckovillage.co.kr/product/차이니즈-케이브-게코/87/,https://commons.wikimedia.org/wiki/Special:FilePath/Goniurosaurus_gollum_%2810.3897-zookeys.991.54935%29_Figure_5.jpg,0.95,draft,2025-12-15
차이니즈 워터 드래곤,도마뱀,둘 다,3,화려하다,4,4,4,26-32°C,22-26°C,35-40°C,30-50%,4,매일 1회,잡식,전용 사료 + 곤충 + 채소/과일,주 2-3회,1,물그릇 제공,아침/저녁 1일 2회,3,주행성,"매일 spot-clean, 주 1-2회 전체 청소",CITES 미등재 (일반적으로 합법적으로 사육 가능),https://newrunreptile.co.kr/product/비어디드래곤-분양-뉴런cb/286/,https://contents.sixshop.com/thumbnails/uploadedFiles/32210/product/image_1534673351632_1500.jpg,0.95,draft,2025-12-15
에메랄드 트리 스킨크,도마뱀,애완용,1,멋지고 화려하다,3,3,5,26-32°C,22-26°C,35-40°C,30-50%,3,매일 1회,잡식,전용 사료 + 곤충 + 채소/과일,주 2-3회,2,물그릇 제공,아침/저녁 1일 2회,2,주행성,"매일 spot-clean, 주 1-2회 전체 청소",CITES 미등재 (일반적으로 합법적으로 사육 가능),https://newrunreptile.co.kr/category/스킨크류-skink/228,https://commons.wikimedia.org/wiki/Special:FilePath/Lamprolepis_smaragdina.JPG,0.85,draft,2025-12-15
파이어 스킨크,도마뱀,애완용,2,화려하다,2,2,4,26-32°C,22-26°C,35-40°C,30-50%,3,매일 1회,잡식,전용 사료 + 곤충 + 채소/과일,주 2-3회,2,물그릇 제공,아침/저녁 1일 2회,2,주행성,"매일 spot-clean, 주 1-2회 전체 청소",CITES 미등재 (일반적으로 합법적으로 사육 가능),https://newrunreptile.co.kr/product/파이어-스킨크-fire-skink/1019/,https://m.newrunreptile.co.kr/web/product/big/202008/17b0baa104e6390313879ca93edde197.jpg,0.95,draft,2025-12-15
아시안 하우스 게코,게코,관상용,1,화려하다,1,1,1,22-28°C,20-24°C,,60-80%,2,매일 1회,육식,"곤충 (귀뚜라미, 밀웜 등)","성체 주 2-3회, 유체 격일",2,분무로 물방울 섭수,저녁 1일 1회,1,야행성,"매일 spot-clean, 주 1-2회 전체 청소",CITES 미등재 (일반적으로 합법적으로 사육 가능),https://www.seoulreptile.co.kr/goods/goods_view.php?goodsNo=1000002372,https://commons.wikimedia.org/wiki/Special:FilePath/Asian_House_Gecko_-_Hemidactylus_frenatus_-_01.jpg,1.00,draft,2025-12-15
메디터레니언 하우스 게코,게코,관상용,1,귀엽다,1,1,1,22-28°C,20-24°C,,60-80%,2,매일 1회,육식,"곤충 (귀뚜라미, 밀웜 등)","성체 주 2-3회, 유체 격일",2,분무로 물방울 섭수,저녁 1일 1회,1,야행성,"매일 spot-clean, 주 1-2회 전체 청소",CITES 미등재 (일반적으로 합법적으로 사육 가능),https://www.seoulreptile.co.kr/goods/goods_view.php?goodsNo=1000002372,https://commons.wikimedia.org/wiki/Special:FilePath/Hemidactylus_turcicus_%28Mediterranean_house_gecko%29.jpg,1.00,draft,2025-12-15
자이언트 리프테일 게코,게코,관상용,2,귀엽다,4,4,2,22-28°C,20-24°C,,60-80%,4,매일 1회,육식,"곤충 (귀뚜라미, 밀웜 등)","성체 주 2-3회, 유체 격일",1,분무로 물방울 섭수,저녁 1일 1회,3,야행성,"매일 spot-clean, 주 1-2회 전체 청소",CITES 미등재 (일반적으로 합법적으로 사육 가능),https://newrunreptile.co.kr/product/핌브리아투스-리프테일게코-성체-한쌍/4043/,https://commons.wikimedia.org/wiki/Special:FilePath/Giant_Leaf-tailed_Gecko_%28Uroplatus_fimbriatus%29%2C_Nosy_Mangabe%2C_Madagascar_%283897171513%29.jpg,0.95,draft,2025-12-15
모시 리프테일 게코,게코,관상용,2,화려하다,4,4,1,22-28°C,20-24°C,,60-80%,4,매일 1회,육식,"곤충 (귀뚜라미, 밀웜 등)","성체 주 2-3회, 유체 격일",1,분무로 물방울 섭수,저녁 1일 1회,2,야행성,"매일 spot-clean, 주 1-2회 전체 청소",CITES 미등재 (일반적으로 합법적으로 사육 가능),https://www.seoulreptile.co.kr/goods/goods_view.php?goodsNo=1000002372,https://commons.wikimedia.org/wiki/Special:FilePath/Mossy_leaf-tailed_gecko_%28Uroplatus_sikorae%29%2C_Vohimana_reserve%2C_Madagascar.jpg,1.00,draft,2025-12-15
콜롬비안 테구,도마뱀,둘 다,3,화려하다,3,3,1,26-32°C,22-26°C,35-40°C,30-50%,4,매일 1회,잡식,전용 사료 + 곤충 + 채소/과일,주 2-3회,2,물그릇 제공,아침/저녁 1일 2회,3,주행성,"매일 spot-clean, 주 1-2회 전체 청소",CITES 미등재 (일반적으로 합법적으로 사육 가능),https://newrunreptile.co.kr/product/아르헨티나-레드테구-cb/4767/,https://commons.wikimedia.org/wiki/Special:FilePath/Argentine_Black_and_White_Tegu_%28Salvator_merianae%29_male_-_Flickr_-_berniedup_%281%29.jpg,0.95,draft,2025-12-15
바이퍼 게코,게코,관상용,1,멋있다,1,1,1,22-28°C,20-24°C,,60-80%,2,매일 1회,육식,"곤충 (귀뚜라미, 밀웜 등)","성체 주 2-3회, 유체 격일",2,분무로 물방울 섭수,저녁 1일 1회,1,야행성,"매일 spot-clean, 주 1-2회 전체 청소",CITES 미등재 (일반적으로 합법적으로 사육 가능),https://www.seoulreptile.co.kr/goods/goods_view.php?goodsNo=1000001915,https://commons.wikimedia.org/wiki/Special:FilePath/Teratoscincus_scincus._Frog-eye_Gecko.jpg,1.00,draft,2025-12-15
화이트 트리프록,개구리,관상용,1,화려하다,2,2,2,,,,,3,매일 1회,육식,"곤충 (귀뚜라미, 밀웜 등)","성체 주 2-3회, 유체 격일",3,물그릇 또는 분무,저녁 1일 1회,1,야행성,"매일 spot-clean, 주 1-2회 전체 청소",CITES 미등재 (일반적으로 합법적으로 사육 가능),https://newrunreptile.co.kr/product/레드아이트리프록-agalychnis-callidryas-cb/819/,https://commons.wikimedia.org/wiki/Special:FilePath/Litoria_caerulea2.JPG,0.95,draft,2025-12-15
브라운 트리프록,개구리,관상용,1,귀엽다,3,2,1,,,,,3,매일 1회,육식,"곤충 (귀뚜라미, 밀웜 등)","성체 주 2-3회, 유체 격일",4,물그릇 또는 분무,저녁 1일 1회,1,야행성,"매일 spot-clean, 주 1-2회 전체 청소",CITES 미등재 (일반적으로 합법적으로 사육 가능),https://newrunreptile.co.kr/product/레드아이트리프록-agalychnis-callidryas-cb/819/,https://m.newrunreptile.co.kr/web/product/big/202512/4cfbd66bb0663710a37873b541bf71fa.jpg,0.95,draft,2025-12-15
레드아이 트리프록,개구리,관상용,1,귀엽다,4,3,1,,,,,4,매일 1회,육식,"곤충 (귀뚜라미, 밀웜 등)","성체 주 2-3회, 유체 격일",4,물그릇 또는 분무,저녁 1일 1회,1,야행성,"매일 spot-clean, 주 1-2회 전체 청소",CITES 미등재 (일반적으로 합법적으로 사육 가능),https://newrunreptile.co.kr/product/레드아이트리프록-agalychnis-callidryas-cb/819/,https://cdn-pro-web-152-57.cdn-nhncommerce.com/seoulreptile_godomall_com/data/editor/goods/220101/011438922038c4d9c81f94863ea95f0d_181859.jpg,0.95,draft,2025-12-15
크라운 트리 프록,개구리,관상용,1,"귀엽고, 화려하다",4,3,1,,,,,4,매일 1회,육식,"곤충 (귀뚜라미, 밀웜 등)","성체 주 2-3회, 유체 격일",4,물그릇 또는 분무,저녁 1일 1회,1,야행성,"매일 spot-clean, 주 1-2회 전체 청소",CITES 미등재 (일반적으로 합법적으로 사육 가능),https://newrunreptile.co.kr/category/팩맨-pacman/287,https://mblogthumb-phinf.pstatic.net/20110115_112/x5ced_12950948610511bFut_JPEG/clown.jpg?type=w420,0.85,draft,2025-12-15
파이어 살라만다,도롱뇽,관상용,1,화려하다,3,2,2,,,,,3,매일 1회,육식,"곤충 (귀뚜라미, 밀웜 등)","성체 주 2-3회, 유체 격일",3,물그릇 또는 분무,아침/저녁 1일 2회,2,주행성,"매일 spot-clean, 주 1-2회 전체 청소",CITES 미등재 (일반적으로 합법적으로 사육 가능),https://newrunreptile.co.kr/product/파이어살라만다-뒷발-한쪽-부절개체/4636/,https://commons.wikimedia.org/wiki/Special:FilePath/Feuersalamander-salamandra-salamandra.jpg,0.95,draft,2025-12-15
블루텅 스킨크,도마뱀,애완용,2,귀엽다,2,3,4,26-32°C,22-26°C,35-40°C,30-50%,3,매일 1회,잡식,전용 사료 + 곤충 + 채소/과일,주 2-3회,1,물그릇 제공,아침/저녁 1일 2회,3,주행성,"매일 spot-clean, 주 1-2회 전체 청소",CITES 미등재 (일반적으로 합법적으로 사육 가능),https://www.seoulreptile.co.kr/goods/goods_view.php?goodsNo=1000002397,https://commons.wikimedia.org/wiki/Special:FilePath/Tiliqua_scincoides_%283187318278%29.jpg,1.00,draft,2025-12-15
케냐 샌드보아,뱀,애완용,2,"귀엽고, 화려하다",3,3,4,26-30°C,22-26°C,,50-70%,2,매일 1회,육식,"곤충 (귀뚜라미, 밀웜 등)","성체 주 2-3회, 유체 격일",1,물그릇 또는 분무,저녁 1일 1회,2,야행성,"매일 spot-clean, 주 1-2회 전체 청소",CITES 미등재 (일반적으로 합법적으로 사육 가능),https://newrunreptile.co.kr/product/발칙한-뮬러-샌드보아-귀요미사이즈/3044/,https://commons.wikimedia.org/wiki/Special:FilePath/Eryx_colubrinus_close_up.jpg,0.95,draft,2025-12-15
호그노즈 스네이크,뱀,애완용,2,귀엽다,3,3,3,26-30°C,22-26°C,,50-70%,2,매일 1회,육식,"곤충 (귀뚜라미, 밀웜 등)","성체 주 2-3회, 유체 격일",1,물그릇 또는 분무,저녁 1일 1회,2,야행성,"매일 spot-clean, 주 1-2회 전체 청소",CITES 미등재 (일반적으로 합법적으로 사육 가능),https://newrunreptile.co.kr/product/호그노즈-스네이크-cb/2397/,https://commons.wikimedia.org/wiki/Special:FilePath/Western_Hognose_Snake_%28Heterodon_nasicus%29._High_resolution_image._%28614d8699-155d-451f-6761-d3f40052d1ff%29.JPG,0.95,draft,2025-12-15
블랙 킹 스네이크,뱀,둘 다,3,"귀엽고, 멋지다",3,2,3,26-30°C,22-26°C,,50-70%,2,매일 1회,육식,"곤충 (귀뚜라미, 밀웜 등)","성체 주 2-3회, 유체 격일",1,물그릇 또는 분무,저녁 1일 1회,3,야행성,"매일 spot-clean, 주 1-2회 전체 청소",CITES 미등재 (일반적으로 합법적으로 사육 가능),https://www.seoulreptile.co.kr/goods/goods_view.php?goodsNo=1000002303,https://commons.wikimedia.org/wiki/Special:FilePath/Black_kingsnake_eating.jpg,1.00,draft,2025-12-15
캘리포니아 킹 스네이크,뱀,둘 다,3,멋있다,2,2,3,26-30°C,22-26°C,,50-70%,2,매일 1회,육식,"곤충 (귀뚜라미, 밀웜 등)","성체 주 2-3회, 유체 격일",1,물그릇 또는 분무,저녁 1일 1회,3,야행성,"매일 spot-clean, 주 1-2회 전체 청소",CITES 미등재 (일반적으로 합법적으로 사육 가능),https://newrunreptile.co.kr/category/뱀snake/85,https://commons.wikimedia.org/wiki/Special:FilePath/California_kingsnake.jpg,0.85,draft,2025-12-15
토케이 게코,게코,애완용,2,"멋있고, 화려하다",3,2,3,22-28°C,20-24°C,,60-80%,4,매일 1회,육식,"곤충 (귀뚜라미, 밀웜 등)","성체 주 2-3회, 유체 격일",3,분무로 물방울 섭수,저녁 1일 1회,3,야행성,"매일 spot-clean, 주 1-2회 전체 청소",CITES 미등재 (일반적으로 합법적으로 사육 가능),https://newrunreptile.co.kr/product/볼케이노-블러드-토케이게코/4357/,https://commons.wikimedia.org/wiki/Special:FilePath/Tokay.jpg,0.95,draft,2025-12-15
골든 스파니테일 게코,게코,관상용,1,귀엽고 화려하다,3,3,2,22-28°C,20-24°C,,60-80%,3,매일 1회,육식,"곤충 (귀뚜라미, 밀웜 등)","성체 주 2-3회, 유체 격일",3,분무로 물방울 섭수,저녁 1일 1회,2,야행성,"매일 spot-clean, 주 1-2회 전체 청소",CITES 미등재 (일반적으로 합법적으로 사육 가능),https://www.seoulreptile.co.kr/goods/goods_view.php?goodsNo=1000002372,https://commons.wikimedia.org/wiki/Special:FilePath/Golden_Tailed_Gecko.jpg,1.00,draft,2025-12-15
베일드 카멜레온,카멜레온,애완용,1,화려하다,3,2,3,,,,,3,매일 1회,육식,"곤충 (귀뚜라미, 밀웜 등)","성체 주 2-3회, 유체 격일",4,물그릇 또는 분무,아침/저녁 1일 2회,3,주행성,"매일 spot-clean, 주 1-2회 전체 청소",CITES 미등재 (일반적으로 합법적으로 사육 가능),https://newrunreptile.co.kr/product/똘똘한-베일드카멜레온-베이비/1629/,https://commons.wikimedia.org/wiki/Special:FilePath/Chamaeleo_calyptratus_Esapolis_02.jpg,0.95,draft,2025-12-15
세네갈 카멜레온,카멜레온,관상용,1,화려하다,4,2,2,,,,,4,매일 1회,육식,"곤충 (귀뚜라미, 밀웜 등)","성체 주 2-3회, 유체 격일",4,물그릇 또는 분무,아침/저녁 1일 2회,3,주행성,"매일 spot-clean, 주 1-2회 전체 청소",CITES 미등재 (일반적으로 합법적으로 사육 가능),https://newrunreptile.co.kr/product/세네갈-카멜레온/1499/,https://commons.wikimedia.org/wiki/Special:FilePath/Senegal_chameleon_%28Chamaeleo_senegalensis%29.jpg,0.95,draft,2025-12-15
알다브라 육지거북,육지 거북,관상용,3,화려하다,5,5,3,24-30°C,20-24°C,,40-60%,3,매일 1회,초식,"채소, 과일",매일 또는 격일,5,물그릇 또는 분무,아침/저녁 1일 2회,3,주행성,"매일 spot-clean, 주 1-2회 전체 청소",CITES 미등재 (일반적으로 합법적으로 사육 가능),https://newrunreptile.co.kr/product/알다브라육지거북/386/,https://commons.wikimedia.org/wiki/Special:FilePath/Giant_Tortoise.JPG,0.95,draft,2025-12-15
설가타육지거북,육지 거북,둘 다,3,멋있다,4,4,3,24-30°C,20-24°C,,40-60%,3,매일 1회,초식,"채소, 과일",매일 또는 격일,5,물그릇 또는 분무,아침/저녁 1일 2회,3,주행성,"매일 spot-clean, 주 1-2회 전체 청소",CITES 미등재 (일반적으로 합법적으로 사육 가능),https://newrunreptile.co.kr/search?keyword=%EC%84%A4%EA%B0%80%ED%83%80%EC%9C%A1%EC%A7%80%EA%B1%B0%EB%B6%81,https://commons.wikimedia.org/wiki/Special:FilePath/Centrochelys_sulcata.jpg,0.50,draft,2025-12-15
팬케이크 육지거북,육지 거북,관상용,2,"귀엽고, 멋지다",3,4,3,24-30°C,20-24°C,,40-60%,2,매일 1회,초식,"채소, 과일",매일 또는 격일,5,물그릇 또는 분무,아침/저녁 1일 2회,2,주행성,"매일 spot-clean, 주 1-2회 전체 청소",CITES 미등재 (일반적으로 합법적으로 사육 가능),https://newrunreptile.co.kr/category/이탈리아-eucb육지거북/213,https://commons.wikimedia.org/wiki/Special:FilePath/Malacochersus_tornieri.jpg,0.85,draft,2025-12-15
